year,n_ascii_rows,n_stata_rows,n_only_ascii,n_only_stata,variable,n_compared,n_missingness_mismatch,n_value_mismatch,pct_mismatch
2000,1622588,1622588,0,0,hrmis,1622588,0,0,0
2000,1622588,1622588,0,0,gestfips,1622588,0,0,0
2000,1622588,1622588,0,0,geco,1622588,0,0,0
2000,1622588,1622588,0,0,gemetsta,1622588,0,0,0
2000,1622588,1622588,0,0,peage,1622588,0,0,0
2000,1622588,1622588,0,0,pesex,1622588,0,0,0
2000,1622588,1622588,0,0,peeduca,1622588,0,0,0
2000,1622588,1622588,0,0,perace,1622588,0,0,0
2000,1622588,1622588,0,0,prorigin,1622588,0,0,0
2000,1622588,1622588,0,0,prmarsta,1622588,0,0,0
2000,1622588,1622588,0,0,prcitshp,1622588,0,0,0
2000,1622588,1622588,0,0,pemlr,1622588,0,0,0
2000,1622588,1622588,0,0,pehrusl1,1622588,0,0,0
2000,1622588,1622588,0,0,prhrusl,1622588,0,0,0
2000,1622588,1622588,0,0,peio1cow,1622588,0,0,0
2000,1622588,1622588,0,0,peio1icd,1622588,0,0,0
2000,1622588,1622588,0,0,peernhry,1622588,0,0,0
2000,1622588,1622588,0,0,prernhly,1622588,0,0,0
2000,1622588,1622588,0,0,peernhro,1622588,0,0,0
2000,1622588,1622588,0,0,prernwa,1622588,0,0,0
2000,1622588,1622588,0,0,ptwk,1622588,0,0,0
2000,1622588,1622588,0,0,peernlab,1622588,0,0,0
2000,1622588,1622588,0,0,peerncov,1622588,0,0,0
2000,1622588,1622588,0,0,pworwgt,1622588,0,0,0
2000,1622588,1622588,0,0,pwcmpwgt,1622588,0,0,0
2000,1622588,1622588,0,0,nwcmpwgt,1622588,0,0,0
2000,1622588,1622588,0,0,nworwgt,1622588,0,0,0
2000,1622588,1622588,0,0,prtage,1622588,0,0,0
2000,1622588,1622588,0,0,pternhly,1622588,0,0,0
2000,1622588,1622588,0,0,pternwa,1622588,0,0,0
2000,1622588,1622588,0,0,ptdtrace,1622588,0,0,0
2000,1622588,1622588,0,0,prdtrace,1622588,0,0,0
2000,1622588,1622588,0,0,prdthsp,1622588,0,0,0
2000,1622588,1622588,0,0,gtco,1622588,0,0,0
2000,1622588,1622588,0,0,gtcbsa,1622588,0,0,0
2000,1622588,1622588,0,0,gtcbsasz,1622588,0,0,0
2000,1622588,1622588,0,0,gtmetsta,1622588,0,0,0
2001,1742243,1742243,0,0,hrmis,1742243,0,0,0
2001,1742243,1742243,0,0,gestfips,1742243,0,0,0
2001,1742243,1742243,0,0,geco,1742243,0,0,0
2001,1742243,1742243,0,0,gemetsta,1742243,0,0,0
2001,1742243,1742243,0,0,peage,1742243,0,0,0
2001,1742243,1742243,0,0,pesex,1742243,0,0,0
2001,1742243,1742243,0,0,peeduca,1742243,0,0,0
2001,1742243,1742243,0,0,perace,1742243,0,0,0
2001,1742243,1742243,0,0,prorigin,1742243,0,0,0
2001,1742243,1742243,0,0,prmarsta,1742243,0,0,0
2001,1742243,1742243,0,0,prcitshp,1742243,0,0,0
2001,1742243,1742243,0,0,pemlr,1742243,0,0,0
2001,1742243,1742243,0,0,pehrusl1,1742243,0,0,0
2001,1742243,1742243,0,0,prhrusl,1742243,0,0,0
2001,1742243,1742243,0,0,peio1cow,1742243,0,0,0
2001,1742243,1742243,0,0,peio1icd,1742243,0,0,0
2001,1742243,1742243,0,0,peernhry,1742243,0,0,0
2001,1742243,1742243,0,0,prernhly,1742243,0,0,0
2001,1742243,1742243,0,0,peernhro,1742243,0,0,0
2001,1742243,1742243,0,0,prernwa,1742243,0,0,0
2001,1742243,1742243,0,0,ptwk,1742243,0,0,0
2001,1742243,1742243,0,0,peernlab,1742243,0,0,0
2001,1742243,1742243,0,0,peerncov,1742243,0,0,0
2001,1742243,1742243,0,0,pworwgt,1742243,0,0,0
2001,1742243,1742243,0,0,pwcmpwgt,1742243,0,0,0
2001,1742243,1742243,0,0,nwcmpwgt,1742243,0,0,0
2001,1742243,1742243,0,0,nworwgt,1742243,0,0,0
2001,1742243,1742243,0,0,prtage,1742243,0,0,0
2001,1742243,1742243,0,0,pternhly,1742243,0,0,0
2001,1742243,1742243,0,0,pternwa,1742243,0,0,0
2001,1742243,1742243,0,0,ptdtrace,1742243,0,0,0
2001,1742243,1742243,0,0,prdtrace,1742243,0,0,0
2001,1742243,1742243,0,0,prdthsp,1742243,0,0,0
2001,1742243,1742243,0,0,gtco,1742243,0,0,0
2001,1742243,1742243,0,0,gtcbsa,1742243,0,0,0
2001,1742243,1742243,0,0,gtcbsasz,1742243,0,0,0
2001,1742243,1742243,0,0,gtmetsta,1742243,0,0,0
2002,1904485,1904485,0,0,hrmis,1904485,0,0,0
2002,1904485,1904485,0,0,gestfips,1904485,0,0,0
2002,1904485,1904485,0,0,geco,1904485,0,0,0
2002,1904485,1904485,0,0,gemetsta,1904485,0,0,0
2002,1904485,1904485,0,0,peage,1904485,0,0,0
2002,1904485,1904485,0,0,pesex,1904485,0,0,0
2002,1904485,1904485,0,0,peeduca,1904485,0,0,0
2002,1904485,1904485,0,0,perace,1904485,0,0,0
2002,1904485,1904485,0,0,prorigin,1904485,0,0,0
2002,1904485,1904485,0,0,prmarsta,1904485,0,0,0
2002,1904485,1904485,0,0,prcitshp,1904485,0,0,0
2002,1904485,1904485,0,0,pemlr,1904485,0,0,0
2002,1904485,1904485,0,0,pehrusl1,1904485,0,0,0
2002,1904485,1904485,0,0,prhrusl,1904485,0,0,0
2002,1904485,1904485,0,0,peio1cow,1904485,0,0,0
2002,1904485,1904485,0,0,peio1icd,1904485,0,0,0
2002,1904485,1904485,0,0,peernhry,1904485,0,0,0
2002,1904485,1904485,0,0,prernhly,1904485,0,0,0
2002,1904485,1904485,0,0,peernhro,1904485,0,0,0
2002,1904485,1904485,0,0,prernwa,1904485,0,0,0
2002,1904485,1904485,0,0,ptwk,1904485,0,0,0
2002,1904485,1904485,0,0,peernlab,1904485,0,0,0
2002,1904485,1904485,0,0,peerncov,1904485,0,0,0
2002,1904485,1904485,0,0,pworwgt,1904485,0,0,0
2002,1904485,1904485,0,0,pwcmpwgt,1904485,0,0,0
2002,1904485,1904485,0,0,nwcmpwgt,1904485,0,0,0
2002,1904485,1904485,0,0,nworwgt,1904485,0,0,0
2002,1904485,1904485,0,0,prtage,1904485,0,0,0
2002,1904485,1904485,0,0,pternhly,1904485,0,0,0
2002,1904485,1904485,0,0,pternwa,1904485,0,0,0
2002,1904485,1904485,0,0,ptdtrace,1904485,0,0,0
2002,1904485,1904485,0,0,prdtrace,1904485,0,0,0
2002,1904485,1904485,0,0,prdthsp,1904485,0,0,0
2002,1904485,1904485,0,0,gtco,1904485,0,0,0
2002,1904485,1904485,0,0,gtcbsa,1904485,0,0,0
2002,1904485,1904485,0,0,gtcbsasz,1904485,0,0,0
2002,1904485,1904485,0,0,gtmetsta,1904485,0,0,0
2003,1893968,1893968,0,0,hrmis,1893968,0,0,0
2003,1893968,1893968,0,0,gestfips,1893968,0,0,0
2003,1893968,1893968,0,0,geco,1893968,0,0,0
2003,1893968,1893968,0,0,gemetsta,1893968,0,0,0
2003,1893968,1893968,0,0,peage,1893968,0,0,0
2003,1893968,1893968,0,0,pesex,1893968,0,0,0
2003,1893968,1893968,0,0,peeduca,1893968,0,0,0
2003,1893968,1893968,0,0,ptdtrace,1893968,0,0,0
2003,1893968,1893968,0,0,prdthsp,1893968,0,0,0
2003,1893968,1893968,0,0,prmarsta,1893968,0,0,0
2003,1893968,1893968,0,0,prcitshp,1893968,0,0,0
2003,1893968,1893968,0,0,pemlr,1893968,0,0,0
2003,1893968,1893968,0,0,pehrusl1,1893968,0,0,0
2003,1893968,1893968,0,0,prhrusl,1893968,0,0,0
2003,1893968,1893968,0,0,peio1cow,1893968,0,0,0
2003,1893968,1893968,0,0,peernhry,1893968,0,0,0
2003,1893968,1893968,0,0,prernhly,1893968,0,0,0
2003,1893968,1893968,0,0,peernhro,1893968,0,0,0
2003,1893968,1893968,0,0,prernwa,1893968,0,0,0
2003,1893968,1893968,0,0,ptwk,1893968,0,0,0
2003,1893968,1893968,0,0,peernlab,1893968,0,0,0
2003,1893968,1893968,0,0,peerncov,1893968,0,0,0
2003,1893968,1893968,0,0,pworwgt,1893968,0,0,0
2003,1893968,1893968,0,0,pwcmpwgt,1893968,0,0,0
2003,1893968,1893968,0,0,peio1icd,1893968,0,0,0
2003,1893968,1893968,0,0,prtage,1893968,0,0,0
2003,1893968,1893968,0,0,nwcmpwgt,1893968,0,0,0
2003,1893968,1893968,0,0,nworwgt,1893968,0,0,0
2003,1893968,1893968,0,0,pternhly,1893968,0,0,0
2003,1893968,1893968,0,0,pternwa,1893968,0,0,0
2003,1893968,1893968,0,0,perace,1893968,0,0,0
2003,1893968,1893968,0,0,prdtrace,1893968,0,0,0
2003,1893968,1893968,0,0,prorigin,1893968,0,0,0
2003,1893968,1893968,0,0,gtco,1893968,0,0,0
2003,1893968,1893968,0,0,gtcbsa,1893968,0,0,0
2003,1893968,1893968,0,0,gtcbsasz,1893968,0,0,0
2003,1893968,1893968,0,0,gtmetsta,1893968,0,0,0
2004,1863921,1863921,0,0,hrmis,1863921,0,0,0
2004,1863921,1863921,0,0,gestfips,1863921,0,0,0
2004,1863921,1863921,0,0,geco,1863921,0,0,0
2004,1863921,1863921,0,0,gemetsta,1863921,0,0,0
2004,1863921,1863921,0,0,peage,1863921,0,0,0
2004,1863921,1863921,0,0,pesex,1863921,0,0,0
2004,1863921,1863921,0,0,peeduca,1863921,0,0,0
2004,1863921,1863921,0,0,ptdtrace,1863921,0,0,0
2004,1863921,1863921,0,0,prdthsp,1863921,0,0,0
2004,1863921,1863921,0,0,prmarsta,1863921,0,0,0
2004,1863921,1863921,0,0,prcitshp,1863921,0,0,0
2004,1863921,1863921,0,0,pemlr,1863921,0,0,0
2004,1863921,1863921,0,0,pehrusl1,1863921,0,0,0
2004,1863921,1863921,0,0,prhrusl,1863921,0,0,0
2004,1863921,1863921,0,0,peio1cow,1863921,0,0,0
2004,1863921,1863921,0,0,peernhry,1863921,0,0,0
2004,1863921,1863921,0,0,prernhly,1863921,0,0,0
2004,1863921,1863921,0,0,peernhro,1863921,0,0,0
2004,1863921,1863921,0,0,prernwa,1863921,0,0,0
2004,1863921,1863921,0,0,ptwk,1863921,0,0,0
2004,1863921,1863921,0,0,peernlab,1863921,0,0,0
2004,1863921,1863921,0,0,peerncov,1863921,0,0,0
2004,1863921,1863921,0,0,pworwgt,1863921,0,0,0
2004,1863921,1863921,0,0,pwcmpwgt,1863921,0,0,0
2004,1863921,1863921,0,0,peio1icd,1863921,0,0,0
2004,1863921,1863921,0,0,gtcbsa,1863921,0,0,0
2004,1863921,1863921,0,0,gtco,1863921,0,0,0
2004,1863921,1863921,0,0,gtmetsta,1863921,0,0,0
2004,1863921,1863921,0,0,gtcbsasz,1863921,0,0,0
2004,1863921,1863921,0,0,prdtrace,1863921,0,0,0
2004,1863921,1863921,0,0,prtage,1863921,0,0,0
2004,1863921,1863921,0,0,nwcmpwgt,1863921,0,0,0
2004,1863921,1863921,0,0,nworwgt,1863921,0,0,0
2004,1863921,1863921,0,0,pternhly,1863921,0,0,0
2004,1863921,1863921,0,0,pternwa,1863921,0,0,0
2004,1863921,1863921,0,0,perace,1863921,0,0,0
2004,1863921,1863921,0,0,prorigin,1863921,0,0,0
2005,1852282,1852282,0,0,hrmis,1852282,0,0,0
2005,1852282,1852282,0,0,gestfips,1852282,0,0,0
2005,1852282,1852282,0,0,gtcbsa,1852282,0,0,0
2005,1852282,1852282,0,0,gtco,1852282,0,0,0
2005,1852282,1852282,0,0,gtmetsta,1852282,0,0,0
2005,1852282,1852282,0,0,gtcbsasz,1852282,0,0,0
2005,1852282,1852282,0,0,peage,1852282,0,0,0
2005,1852282,1852282,0,0,pesex,1852282,0,0,0
2005,1852282,1852282,0,0,peeduca,1852282,0,0,0
2005,1852282,1852282,0,0,prdtrace,1852282,0,0,0
2005,1852282,1852282,0,0,prdthsp,1852282,0,0,0
2005,1852282,1852282,0,0,prmarsta,1852282,0,0,0
2005,1852282,1852282,0,0,prcitshp,1852282,0,0,0
2005,1852282,1852282,0,0,pemlr,1852282,0,0,0
2005,1852282,1852282,0,0,pehrusl1,1852282,0,0,0
2005,1852282,1852282,0,0,prhrusl,1852282,0,0,0
2005,1852282,1852282,0,0,peio1cow,1852282,0,0,0
2005,1852282,1852282,0,0,peernhry,1852282,0,0,0
2005,1852282,1852282,0,0,prernhly,1852282,0,0,0
2005,1852282,1852282,0,0,peernhro,1852282,0,0,0
2005,1852282,1852282,0,0,prernwa,1852282,0,0,0
2005,1852282,1852282,0,0,ptwk,1852282,0,0,0
2005,1852282,1852282,0,0,peernlab,1852282,0,0,0
2005,1852282,1852282,0,0,peerncov,1852282,0,0,0
2005,1852282,1852282,0,0,pworwgt,1852282,0,0,0
2005,1852282,1852282,0,0,pwcmpwgt,1852282,0,0,0
2005,1852282,1852282,0,0,peio1icd,1852282,0,0,0
2005,1852282,1852282,0,0,ptdtrace,1852282,0,0,0
2005,1852282,1852282,0,0,prtage,1852282,0,0,0
2005,1852282,1852282,0,0,nwcmpwgt,1852282,0,0,0
2005,1852282,1852282,0,0,nworwgt,1852282,0,0,0
2005,1852282,1852282,0,0,pternhly,1852282,0,0,0
2005,1852282,1852282,0,0,pternwa,1852282,0,0,0
2005,1852282,1852282,0,0,perace,1852282,0,0,0
2005,1852282,1852282,0,0,prorigin,1852282,0,0,0
2005,1852282,1852282,0,0,geco,1852282,0,0,0
2005,1852282,1852282,0,0,gemetsta,1852282,0,0,0
2006,1840362,1840362,0,0,hrmis,1840362,0,0,0
2006,1840362,1840362,0,0,gestfips,1840362,0,0,0
2006,1840362,1840362,0,0,gtcbsa,1840362,0,0,0
2006,1840362,1840362,0,0,gtco,1840362,0,0,0
2006,1840362,1840362,0,0,gtmetsta,1840362,0,0,0
2006,1840362,1840362,0,0,gtcbsasz,1840362,0,0,0
2006,1840362,1840362,0,0,peage,1840362,0,0,0
2006,1840362,1840362,0,0,pesex,1840362,0,0,0
2006,1840362,1840362,0,0,peeduca,1840362,0,0,0
2006,1840362,1840362,0,0,ptdtrace,1840362,0,0,0
2006,1840362,1840362,0,0,prdthsp,1840362,0,0,0
2006,1840362,1840362,0,0,prmarsta,1840362,0,0,0
2006,1840362,1840362,0,0,prcitshp,1840362,0,0,0
2006,1840362,1840362,0,0,pemlr,1840362,0,0,0
2006,1840362,1840362,0,0,pehrusl1,1840362,0,0,0
2006,1840362,1840362,0,0,prhrusl,1840362,0,0,0
2006,1840362,1840362,0,0,peio1cow,1840362,0,0,0
2006,1840362,1840362,0,0,peernhry,1840362,0,0,0
2006,1840362,1840362,0,0,prernhly,1840362,0,0,0
2006,1840362,1840362,0,0,peernhro,1840362,0,0,0
2006,1840362,1840362,0,0,prernwa,1840362,0,0,0
2006,1840362,1840362,0,0,ptwk,1840362,0,0,0
2006,1840362,1840362,0,0,peernlab,1840362,0,0,0
2006,1840362,1840362,0,0,peerncov,1840362,0,0,0
2006,1840362,1840362,0,0,pworwgt,1840362,0,0,0
2006,1840362,1840362,0,0,pwcmpwgt,1840362,0,0,0
2006,1840362,1840362,0,0,peio1icd,1840362,0,0,0
2006,1840362,1840362,0,0,prtage,1840362,0,0,0
2006,1840362,1840362,0,0,nwcmpwgt,1840362,0,0,0
2006,1840362,1840362,0,0,nworwgt,1840362,0,0,0
2006,1840362,1840362,0,0,pternhly,1840362,0,0,0
2006,1840362,1840362,0,0,pternwa,1840362,0,0,0
2006,1840362,1840362,0,0,perace,1840362,0,0,0
2006,1840362,1840362,0,0,prdtrace,1840362,0,0,0
2006,1840362,1840362,0,0,prorigin,1840362,0,0,0
2006,1840362,1840362,0,0,geco,1840362,0,0,0
2006,1840362,1840362,0,0,gemetsta,1840362,0,0,0
2007,1830401,1830401,0,0,hrmis,1830401,0,0,0
2007,1830401,1830401,0,0,gestfips,1830401,0,0,0
2007,1830401,1830401,0,0,gtcbsa,1830401,0,0,0
2007,1830401,1830401,0,0,gtco,1830401,0,0,0
2007,1830401,1830401,0,0,gtmetsta,1830401,0,0,0
2007,1830401,1830401,0,0,gtcbsasz,1830401,0,0,0
2007,1830401,1830401,0,0,peage,1830401,0,0,0
2007,1830401,1830401,0,0,pesex,1830401,0,0,0
2007,1830401,1830401,0,0,peeduca,1830401,0,0,0
2007,1830401,1830401,0,0,ptdtrace,1830401,0,0,0
2007,1830401,1830401,0,0,prdthsp,1830401,0,0,0
2007,1830401,1830401,0,0,prmarsta,1830401,0,0,0
2007,1830401,1830401,0,0,prcitshp,1830401,0,0,0
2007,1830401,1830401,0,0,pemlr,1830401,0,0,0
2007,1830401,1830401,0,0,pehrusl1,1830401,0,0,0
2007,1830401,1830401,0,0,prhrusl,1830401,0,0,0
2007,1830401,1830401,0,0,peio1cow,1830401,0,0,0
2007,1830401,1830401,0,0,peernhry,1830401,0,0,0
2007,1830401,1830401,0,0,prernhly,1830401,0,0,0
2007,1830401,1830401,0,0,peernhro,1830401,0,0,0
2007,1830401,1830401,0,0,prernwa,1830401,0,0,0
2007,1830401,1830401,0,0,ptwk,1830401,0,0,0
2007,1830401,1830401,0,0,peernlab,1830401,0,0,0
2007,1830401,1830401,0,0,peerncov,1830401,0,0,0
2007,1830401,1830401,0,0,pworwgt,1830401,0,0,0
2007,1830401,1830401,0,0,pwcmpwgt,1830401,0,0,0
2007,1830401,1830401,0,0,peio1icd,1830401,0,0,0
2007,1830401,1830401,0,0,prtage,1830401,0,0,0
2007,1830401,1830401,0,0,nwcmpwgt,1830401,0,0,0
2007,1830401,1830401,0,0,nworwgt,1830401,0,0,0
2007,1830401,1830401,0,0,pternhly,1830401,0,0,0
2007,1830401,1830401,0,0,pternwa,1830401,0,0,0
2007,1830401,1830401,0,0,perace,1830401,0,0,0
2007,1830401,1830401,0,0,prdtrace,1830401,0,0,0
2007,1830401,1830401,0,0,prorigin,1830401,0,0,0
2007,1830401,1830401,0,0,geco,1830401,0,0,0
2007,1830401,1830401,0,0,gemetsta,1830401,0,0,0
2008,1819125,1819125,0,0,hrmis,1819125,0,0,0
2008,1819125,1819125,0,0,gestfips,1819125,0,0,0
2008,1819125,1819125,0,0,gtcbsa,1819125,0,0,0
2008,1819125,1819125,0,0,gtco,1819125,0,0,0
2008,1819125,1819125,0,0,gtmetsta,1819125,0,0,0
2008,1819125,1819125,0,0,gtcbsasz,1819125,0,0,0
2008,1819125,1819125,0,0,peage,1819125,0,0,0
2008,1819125,1819125,0,0,pesex,1819125,0,0,0
2008,1819125,1819125,0,0,peeduca,1819125,0,0,0
2008,1819125,1819125,0,0,ptdtrace,1819125,0,0,0
2008,1819125,1819125,0,0,prdthsp,1819125,0,0,0
2008,1819125,1819125,0,0,prmarsta,1819125,0,0,0
2008,1819125,1819125,0,0,prcitshp,1819125,0,0,0
2008,1819125,1819125,0,0,pemlr,1819125,0,0,0
2008,1819125,1819125,0,0,pehrusl1,1819125,0,0,0
2008,1819125,1819125,0,0,prhrusl,1819125,0,0,0
2008,1819125,1819125,0,0,peio1cow,1819125,0,0,0
2008,1819125,1819125,0,0,peernhry,1819125,0,0,0
2008,1819125,1819125,0,0,prernhly,1819125,0,0,0
2008,1819125,1819125,0,0,peernhro,1819125,0,0,0
2008,1819125,1819125,0,0,prernwa,1819125,0,0,0
2008,1819125,1819125,0,0,ptwk,1819125,0,0,0
2008,1819125,1819125,0,0,peernlab,1819125,0,0,0
2008,1819125,1819125,0,0,peerncov,1819125,0,0,0
2008,1819125,1819125,0,0,pworwgt,1819125,0,0,0
2008,1819125,1819125,0,0,pwcmpwgt,1819125,0,0,0
2008,1819125,1819125,0,0,peio1icd,1819125,0,0,0
2008,1819125,1819125,0,0,prtage,1819125,0,0,0
2008,1819125,1819125,0,0,nwcmpwgt,1819125,0,0,0
2008,1819125,1819125,0,0,nworwgt,1819125,0,0,0
2008,1819125,1819125,0,0,pternhly,1819125,0,0,0
2008,1819125,1819125,0,0,pternwa,1819125,0,0,0
2008,1819125,1819125,0,0,perace,1819125,0,0,0
2008,1819125,1819125,0,0,prdtrace,1819125,0,0,0
2008,1819125,1819125,0,0,prorigin,1819125,0,0,0
2008,1819125,1819125,0,0,geco,1819125,0,0,0
2008,1819125,1819125,0,0,gemetsta,1819125,0,0,0
2009,1830865,1830865,0,0,hrmis,1830865,0,0,0
2009,1830865,1830865,0,0,gestfips,1830865,0,0,0
2009,1830865,1830865,0,0,gtcbsa,1830865,0,0,0
2009,1830865,1830865,0,0,gtco,1830865,0,0,0
2009,1830865,1830865,0,0,gtmetsta,1830865,0,0,0
2009,1830865,1830865,0,0,gtcbsasz,1830865,0,0,0
2009,1830865,1830865,0,0,peage,1830865,0,0,0
2009,1830865,1830865,0,0,pesex,1830865,0,0,0
2009,1830865,1830865,0,0,peeduca,1830865,0,0,0
2009,1830865,1830865,0,0,ptdtrace,1830865,0,0,0
2009,1830865,1830865,0,0,prdthsp,1830865,0,0,0
2009,1830865,1830865,0,0,prmarsta,1830865,0,0,0
2009,1830865,1830865,0,0,prcitshp,1830865,0,0,0
2009,1830865,1830865,0,0,pemlr,1830865,0,0,0
2009,1830865,1830865,0,0,pehrusl1,1830865,0,0,0
2009,1830865,1830865,0,0,prhrusl,1830865,0,0,0
2009,1830865,1830865,0,0,peio1cow,1830865,0,0,0
2009,1830865,1830865,0,0,peernhry,1830865,0,0,0
2009,1830865,1830865,0,0,prernhly,1830865,0,0,0
2009,1830865,1830865,0,0,peernhro,1830865,0,0,0
2009,1830865,1830865,0,0,prernwa,1830865,0,0,0
2009,1830865,1830865,0,0,ptwk,1830865,0,0,0
2009,1830865,1830865,0,0,peernlab,1830865,0,0,0
2009,1830865,1830865,0,0,peerncov,1830865,0,0,0
2009,1830865,1830865,0,0,pworwgt,1830865,0,0,0
2009,1830865,1830865,0,0,pwcmpwgt,1830865,0,0,0
2009,1830865,1830865,0,0,peio1icd,1830865,0,0,0
2009,1830865,1830865,0,0,prtage,1830865,0,0,0
2009,1830865,1830865,0,0,nwcmpwgt,1830865,0,0,0
2009,1830865,1830865,0,0,nworwgt,1830865,0,0,0
2009,1830865,1830865,0,0,pternhly,1830865,0,0,0
2009,1830865,1830865,0,0,pternwa,1830865,0,0,0
2009,1830865,1830865,0,0,perace,1830865,0,0,0
2009,1830865,1830865,0,0,prdtrace,1830865,0,0,0
2009,1830865,1830865,0,0,prorigin,1830865,0,0,0
2009,1830865,1830865,0,0,geco,1830865,0,0,0
2009,1830865,1830865,0,0,gemetsta,1830865,0,0,0
2010,1838262,1838262,0,0,hrmis,1838262,0,0,0
2010,1838262,1838262,0,0,gestfips,1838262,0,0,0
2010,1838262,1838262,0,0,gtcbsa,1838262,0,0,0
2010,1838262,1838262,0,0,gtco,1838262,0,0,0
2010,1838262,1838262,0,0,gtmetsta,1838262,0,0,0
2010,1838262,1838262,0,0,gtcbsasz,1838262,0,0,0
2010,1838262,1838262,0,0,peage,1838262,0,0,0
2010,1838262,1838262,0,0,pesex,1838262,0,0,0
2010,1838262,1838262,0,0,peeduca,1838262,0,0,0
2010,1838262,1838262,0,0,ptdtrace,1838262,0,0,0
2010,1838262,1838262,0,0,prdthsp,1838262,0,0,0
2010,1838262,1838262,0,0,prmarsta,1838262,0,0,0
2010,1838262,1838262,0,0,prcitshp,1838262,0,0,0
2010,1838262,1838262,0,0,pemlr,1838262,0,0,0
2010,1838262,1838262,0,0,pehrusl1,1838262,0,0,0
2010,1838262,1838262,0,0,prhrusl,1838262,0,0,0
2010,1838262,1838262,0,0,peio1cow,1838262,0,0,0
2010,1838262,1838262,0,0,peernhry,1838262,0,0,0
2010,1838262,1838262,0,0,prernhly,1838262,0,0,0
2010,1838262,1838262,0,0,peernhro,1838262,0,0,0
2010,1838262,1838262,0,0,prernwa,1838262,0,0,0
2010,1838262,1838262,0,0,ptwk,1838262,0,0,0
2010,1838262,1838262,0,0,peernlab,1838262,0,0,0
2010,1838262,1838262,0,0,peerncov,1838262,0,0,0
2010,1838262,1838262,0,0,pworwgt,1838262,0,0,0
2010,1838262,1838262,0,0,pwcmpwgt,1838262,0,0,0
2010,1838262,1838262,0,0,peio1icd,1838262,0,0,0
2010,1838262,1838262,0,0,prtage,1838262,0,0,0
2010,1838262,1838262,0,0,nwcmpwgt,1838262,0,0,0
2010,1838262,1838262,0,0,nworwgt,1838262,0,0,0
2010,1838262,1838262,0,0,pternhly,1838262,0,0,0
2010,1838262,1838262,0,0,pternwa,1838262,0,0,0
2010,1838262,1838262,0,0,perace,1838262,0,0,0
2010,1838262,1838262,0,0,prdtrace,1838262,0,0,0
2010,1838262,1838262,0,0,prorigin,1838262,0,0,0
2010,1838262,1838262,0,0,geco,1838262,0,0,0
2010,1838262,1838262,0,0,gemetsta,1838262,0,0,0
2011,1822867,1822867,0,0,hrmis,1822867,0,0,0
2011,1822867,1822867,0,0,gestfips,1822867,0,0,0
2011,1822867,1822867,0,0,gtcbsa,1822867,0,0,0
2011,1822867,1822867,0,0,gtco,1822867,0,0,0
2011,1822867,1822867,0,0,gtmetsta,1822867,0,0,0
2011,1822867,1822867,0,0,gtcbsasz,1822867,0,0,0
2011,1822867,1822867,0,0,peage,1822867,0,0,0
2011,1822867,1822867,0,0,pesex,1822867,0,0,0
2011,1822867,1822867,0,0,peeduca,1822867,0,0,0
2011,1822867,1822867,0,0,ptdtrace,1822867,0,0,0
2011,1822867,1822867,0,0,prdthsp,1822867,0,0,0
2011,1822867,1822867,0,0,prmarsta,1822867,0,0,0
2011,1822867,1822867,0,0,prcitshp,1822867,0,0,0
2011,1822867,1822867,0,0,pemlr,1822867,0,0,0
2011,1822867,1822867,0,0,pehrusl1,1822867,0,0,0
2011,1822867,1822867,0,0,prhrusl,1822867,0,0,0
2011,1822867,1822867,0,0,peio1cow,1822867,0,0,0
2011,1822867,1822867,0,0,peernhry,1822867,0,0,0
2011,1822867,1822867,0,0,prernhly,1822867,0,0,0
2011,1822867,1822867,0,0,peernhro,1822867,0,0,0
2011,1822867,1822867,0,0,prernwa,1822867,0,0,0
2011,1822867,1822867,0,0,ptwk,1822867,0,0,0
2011,1822867,1822867,0,0,peernlab,1822867,0,0,0
2011,1822867,1822867,0,0,peerncov,1822867,0,0,0
2011,1822867,1822867,0,0,pworwgt,1822867,0,0,0
2011,1822867,1822867,0,0,pwcmpwgt,1822867,0,0,0
2011,1822867,1822867,0,0,peio1icd,1822867,0,0,0
2011,1822867,1822867,0,0,prtage,1822867,0,0,0
2011,1822867,1822867,0,0,nwcmpwgt,1822867,0,0,0
2011,1822867,1822867,0,0,nworwgt,1822867,0,0,0
2011,1822867,1822867,0,0,pternhly,1822867,0,0,0
2011,1822867,1822867,0,0,pternwa,1822867,0,0,0
2011,1822867,1822867,0,0,perace,1822867,0,0,0
2011,1822867,1822867,0,0,prdtrace,1822867,0,0,0
2011,1822867,1822867,0,0,prorigin,1822867,0,0,0
2011,1822867,1822867,0,0,geco,1822867,0,0,0
2011,1822867,1822867,0,0,gemetsta,1822867,0,0,0
2012,1814235,1814235,0,0,hrmis,1814235,0,0,0
2012,1814235,1814235,0,0,gestfips,1814235,0,0,0
2012,1814235,1814235,0,0,gtcbsa,1814235,0,0,0
2012,1814235,1814235,0,0,gtco,1814235,0,0,0
2012,1814235,1814235,0,0,gtmetsta,1814235,0,0,0
2012,1814235,1814235,0,0,gtcbsasz,1814235,0,0,0
2012,1814235,1814235,0,0,peage,1814235,0,0,0
2012,1814235,1814235,0,0,pesex,1814235,0,0,0
2012,1814235,1814235,0,0,peeduca,1814235,0,0,0
2012,1814235,1814235,0,0,ptdtrace,1814235,0,0,0
2012,1814235,1814235,0,0,prdthsp,1814235,0,0,0
2012,1814235,1814235,0,0,prmarsta,1814235,0,0,0
2012,1814235,1814235,0,0,prcitshp,1814235,0,0,0
2012,1814235,1814235,0,0,pemlr,1814235,0,0,0
2012,1814235,1814235,0,0,pehrusl1,1814235,0,0,0
2012,1814235,1814235,0,0,prhrusl,1814235,0,0,0
2012,1814235,1814235,0,0,peio1cow,1814235,0,0,0
2012,1814235,1814235,0,0,peernhry,1814235,0,0,0
2012,1814235,1814235,0,0,prernhly,1814235,0,0,0
2012,1814235,1814235,0,0,peernhro,1814235,0,0,0
2012,1814235,1814235,0,0,prernwa,1814235,0,0,0
2012,1814235,1814235,0,0,ptwk,1814235,0,0,0
2012,1814235,1814235,0,0,peernlab,1814235,0,0,0
2012,1814235,1814235,0,0,peerncov,1814235,0,0,0
2012,1814235,1814235,0,0,pworwgt,1814235,0,0,0
2012,1814235,1814235,0,0,pwcmpwgt,1814235,0,0,0
2012,1814235,1814235,0,0,peio1icd,1814235,0,0,0
2012,1814235,1814235,0,0,prtage,1814235,0,0,0
2012,1814235,1814235,0,0,nwcmpwgt,1814235,0,0,0
2012,1814235,1814235,0,0,nworwgt,1814235,0,0,0
2012,1814235,1814235,0,0,pternhly,1814235,0,0,0
2012,1814235,1814235,0,0,pternwa,1814235,0,0,0
2012,1814235,1814235,0,0,perace,1814235,0,0,0
2012,1814235,1814235,0,0,prdtrace,1814235,0,0,0
2012,1814235,1814235,0,0,prorigin,1814235,0,0,0
2012,1814235,1814235,0,0,geco,1814235,0,0,0
2012,1814235,1814235,0,0,gemetsta,1814235,0,0,0
2013,1808433,1808433,0,0,hrmis,1808433,0,0,0
2013,1808433,1808433,0,0,gestfips,1808433,0,0,0
2013,1808433,1808433,0,0,gtcbsa,1808433,0,0,0
2013,1808433,1808433,0,0,gtco,1808433,0,0,0
2013,1808433,1808433,0,0,gtmetsta,1808433,0,0,0
2013,1808433,1808433,0,0,gtcbsasz,1808433,0,0,0
2013,1808433,1808433,0,0,prtage,1808433,0,0,0
2013,1808433,1808433,0,0,pesex,1808433,0,0,0
2013,1808433,1808433,0,0,peeduca,1808433,0,0,0
2013,1808433,1808433,0,0,ptdtrace,1808433,0,0,0
2013,1808433,1808433,0,0,prdthsp,1808433,0,0,0
2013,1808433,1808433,0,0,prmarsta,1808433,0,0,0
2013,1808433,1808433,0,0,prcitshp,1808433,0,0,0
2013,1808433,1808433,0,0,pemlr,1808433,0,0,0
2013,1808433,1808433,0,0,pehrusl1,1808433,0,0,0
2013,1808433,1808433,0,0,prhrusl,1808433,0,0,0
2013,1808433,1808433,0,0,peio1cow,1808433,0,0,0
2013,1808433,1808433,0,0,peernhry,1808433,0,0,0
2013,1808433,1808433,0,0,prernhly,1808433,0,0,0
2013,1808433,1808433,0,0,peernhro,1808433,0,0,0
2013,1808433,1808433,0,0,prernwa,1808433,0,0,0
2013,1808433,1808433,0,0,ptwk,1808433,0,0,0
2013,1808433,1808433,0,0,peernlab,1808433,0,0,0
2013,1808433,1808433,0,0,peerncov,1808433,0,0,0
2013,1808433,1808433,0,0,pworwgt,1808433,0,0,0
2013,1808433,1808433,0,0,pwcmpwgt,1808433,0,0,0
2013,1808433,1808433,0,0,peio1icd,1808433,0,0,0
2013,1808433,1808433,0,0,peage,1808433,0,0,0
2013,1808433,1808433,0,0,nwcmpwgt,1808433,0,0,0
2013,1808433,1808433,0,0,nworwgt,1808433,0,0,0
2013,1808433,1808433,0,0,pternhly,1808433,0,0,0
2013,1808433,1808433,0,0,pternwa,1808433,0,0,0
2013,1808433,1808433,0,0,perace,1808433,0,0,0
2013,1808433,1808433,0,0,prdtrace,1808433,0,0,0
2013,1808433,1808433,0,0,prorigin,1808433,0,0,0
2013,1808433,1808433,0,0,geco,1808433,0,0,0
2013,1808433,1808433,0,0,gemetsta,1808433,0,0,0
2014,1821449,1821449,0,0,hrmis,1821449,0,0,0
2014,1821449,1821449,0,0,gestfips,1821449,0,0,0
2014,1821449,1821449,0,0,gtcbsa,1821449,0,0,0
2014,1821449,1821449,0,0,gtco,1821449,0,0,0
2014,1821449,1821449,0,0,gtmetsta,1821449,0,0,0
2014,1821449,1821449,0,0,gtcbsasz,1821449,0,0,0
2014,1821449,1821449,0,0,prtage,1821449,0,0,0
2014,1821449,1821449,0,0,pesex,1821449,0,0,0
2014,1821449,1821449,0,0,peeduca,1821449,0,0,0
2014,1821449,1821449,0,0,ptdtrace,1821449,0,0,0
2014,1821449,1821449,0,0,prdthsp,1821449,0,0,0
2014,1821449,1821449,0,0,prmarsta,1821449,0,0,0
2014,1821449,1821449,0,0,prcitshp,1821449,0,0,0
2014,1821449,1821449,0,0,pemlr,1821449,0,0,0
2014,1821449,1821449,0,0,pehrusl1,1821449,0,0,0
2014,1821449,1821449,0,0,prhrusl,1821449,0,0,0
2014,1821449,1821449,0,0,peio1cow,1821449,0,0,0
2014,1821449,1821449,0,0,peernhry,1821449,0,0,0
2014,1821449,1821449,0,0,prernhly,1821449,0,0,0
2014,1821449,1821449,0,0,peernhro,1821449,0,0,0
2014,1821449,1821449,0,0,prernwa,1821449,0,0,0
2014,1821449,1821449,0,0,ptwk,1821449,0,0,0
2014,1821449,1821449,0,0,peernlab,1821449,0,0,0
2014,1821449,1821449,0,0,peerncov,1821449,0,0,0
2014,1821449,1821449,0,0,pworwgt,1821449,0,0,0
2014,1821449,1821449,0,0,pwcmpwgt,1821449,0,0,0
2014,1821449,1821449,0,0,peio1icd,1821449,0,0,0
2014,1821449,1821449,0,0,peage,1821449,0,0,0
2014,1821449,1821449,0,0,nwcmpwgt,1821449,0,0,0
2014,1821449,1821449,0,0,nworwgt,1821449,0,0,0
2014,1821449,1821449,0,0,pternhly,1821449,0,0,0
2014,1821449,1821449,0,0,pternwa,1821449,0,0,0
2014,1821449,1821449,0,0,perace,1821449,0,0,0
2014,1821449,1821449,0,0,prdtrace,1821449,0,0,0
2014,1821449,1821449,0,0,prorigin,1821449,0,0,0
2014,1821449,1821449,0,0,geco,1821449,0,0,0
2014,1821449,1821449,0,0,gemetsta,1821449,0,0,0
2015,1811993,1811993,0,0,hrmis,1811993,0,0,0
2015,1811993,1811993,0,0,gestfips,1811993,0,0,0
2015,1811993,1811993,0,0,gtcbsa,1811993,0,0,0
2015,1811993,1811993,0,0,gtco,1811993,0,0,0
2015,1811993,1811993,0,0,gtmetsta,1811993,0,0,0
2015,1811993,1811993,0,0,gtcbsasz,1811993,0,0,0
2015,1811993,1811993,0,0,prtage,1811993,0,0,0
2015,1811993,1811993,0,0,pesex,1811993,0,0,0
2015,1811993,1811993,0,0,peeduca,1811993,0,0,0
2015,1811993,1811993,0,0,ptdtrace,1811993,0,0,0
2015,1811993,1811993,0,0,prdthsp,1811993,0,0,0
2015,1811993,1811993,0,0,prmarsta,1811993,0,0,0
2015,1811993,1811993,0,0,prcitshp,1811993,0,0,0
2015,1811993,1811993,0,0,pemlr,1811993,0,0,0
2015,1811993,1811993,0,0,pehrusl1,1811993,0,0,0
2015,1811993,1811993,0,0,prhrusl,1811993,0,0,0
2015,1811993,1811993,0,0,peio1cow,1811993,0,0,0
2015,1811993,1811993,0,0,peernhry,1811993,0,0,0
2015,1811993,1811993,0,0,prernhly,1811993,0,0,0
2015,1811993,1811993,0,0,peernhro,1811993,0,0,0
2015,1811993,1811993,0,0,prernwa,1811993,0,0,0
2015,1811993,1811993,0,0,ptwk,1811993,0,0,0
2015,1811993,1811993,0,0,peernlab,1811993,0,0,0
2015,1811993,1811993,0,0,peerncov,1811993,0,0,0
2015,1811993,1811993,0,0,pworwgt,1811993,0,0,0
2015,1811993,1811993,0,0,pwcmpwgt,1811993,0,0,0
2015,1811993,1811993,0,0,peio1icd,1811993,0,0,0
2015,1811993,1811993,0,0,peage,1811993,0,0,0
2015,1811993,1811993,0,0,nwcmpwgt,1811993,0,0,0
2015,1811993,1811993,0,0,nworwgt,1811993,0,0,0
2015,1811993,1811993,0,0,pternhly,1811993,0,0,0
2015,1811993,1811993,0,0,pternwa,1811993,0,0,0
2015,1811993,1811993,0,0,perace,1811993,0,0,0
2015,1811993,1811993,0,0,prdtrace,1811993,0,0,0
2015,1811993,1811993,0,0,prorigin,1811993,0,0,0
2015,1811993,1811993,0,0,geco,1811993,0,0,0
2015,1811993,1811993,0,0,gemetsta,1811993,0,0,0
2016,1809232,1809232,0,0,hrmis,1809232,0,0,0
2016,1809232,1809232,0,0,gestfips,1809232,0,0,0
2016,1809232,1809232,0,0,gtcbsa,1809232,0,0,0
2016,1809232,1809232,0,0,gtco,1809232,0,0,0
2016,1809232,1809232,0,0,gtmetsta,1809232,0,0,0
2016,1809232,1809232,0,0,gtcbsasz,1809232,0,0,0
2016,1809232,1809232,0,0,prtage,1809232,0,0,0
2016,1809232,1809232,0,0,pesex,1809232,0,0,0
2016,1809232,1809232,0,0,peeduca,1809232,0,0,0
2016,1809232,1809232,0,0,ptdtrace,1809232,0,0,0
2016,1809232,1809232,0,0,prdthsp,1809232,0,0,0
2016,1809232,1809232,0,0,prmarsta,1809232,0,0,0
2016,1809232,1809232,0,0,prcitshp,1809232,0,0,0
2016,1809232,1809232,0,0,pemlr,1809232,0,0,0
2016,1809232,1809232,0,0,pehrusl1,1809232,0,0,0
2016,1809232,1809232,0,0,prhrusl,1809232,0,0,0
2016,1809232,1809232,0,0,peio1cow,1809232,0,0,0
2016,1809232,1809232,0,0,peernhry,1809232,0,0,0
2016,1809232,1809232,0,0,prernhly,1809232,0,0,0
2016,1809232,1809232,0,0,peernhro,1809232,0,0,0
2016,1809232,1809232,0,0,prernwa,1809232,0,0,0
2016,1809232,1809232,0,0,ptwk,1809232,0,0,0
2016,1809232,1809232,0,0,peernlab,1809232,0,0,0
2016,1809232,1809232,0,0,peerncov,1809232,0,0,0
2016,1809232,1809232,0,0,pworwgt,1809232,0,0,0
2016,1809232,1809232,0,0,pwcmpwgt,1809232,0,0,0
2016,1809232,1809232,0,0,peio1icd,1809232,0,0,0
2016,1809232,1809232,0,0,peage,1809232,0,0,0
2016,1809232,1809232,0,0,nwcmpwgt,1809232,0,0,0
2016,1809232,1809232,0,0,nworwgt,1809232,0,0,0
2016,1809232,1809232,0,0,pternhly,1809232,0,0,0
2016,1809232,1809232,0,0,pternwa,1809232,0,0,0
2016,1809232,1809232,0,0,perace,1809232,0,0,0
2016,1809232,1809232,0,0,prdtrace,1809232,0,0,0
2016,1809232,1809232,0,0,prorigin,1809232,0,0,0
2016,1809232,1809232,0,0,geco,1809232,0,0,0
2016,1809232,1809232,0,0,gemetsta,1809232,0,0,0
2017,1780227,1780227,0,0,hrmis,1780227,0,0,0
2017,1780227,1780227,0,0,gestfips,1780227,0,0,0
2017,1780227,1780227,0,0,gtcbsa,1780227,0,0,0
2017,1780227,1780227,0,0,gtco,1780227,0,0,0
2017,1780227,1780227,0,0,gtmetsta,1780227,0,0,0
2017,1780227,1780227,0,0,gtcbsasz,1780227,0,0,0
2017,1780227,1780227,0,0,prtage,1780227,0,0,0
2017,1780227,1780227,0,0,pesex,1780227,0,0,0
2017,1780227,1780227,0,0,peeduca,1780227,0,0,0
2017,1780227,1780227,0,0,ptdtrace,1780227,0,0,0
2017,1780227,1780227,0,0,prdthsp,1780227,0,0,0
2017,1780227,1780227,0,0,prmarsta,1780227,0,0,0
2017,1780227,1780227,0,0,prcitshp,1780227,0,0,0
2017,1780227,1780227,0,0,pemlr,1780227,0,0,0
2017,1780227,1780227,0,0,pehrusl1,1780227,0,0,0
2017,1780227,1780227,0,0,prhrusl,1780227,0,0,0
2017,1780227,1780227,0,0,peio1cow,1780227,0,0,0
2017,1780227,1780227,0,0,peernhry,1780227,0,0,0
2017,1780227,1780227,0,0,prernhly,1780227,0,0,0
2017,1780227,1780227,0,0,peernhro,1780227,0,0,0
2017,1780227,1780227,0,0,prernwa,1780227,0,0,0
2017,1780227,1780227,0,0,ptwk,1780227,0,0,0
2017,1780227,1780227,0,0,peernlab,1780227,0,0,0
2017,1780227,1780227,0,0,peerncov,1780227,0,0,0
2017,1780227,1780227,0,0,pworwgt,1780227,0,0,0
2017,1780227,1780227,0,0,pwcmpwgt,1780227,0,0,0
2017,1780227,1780227,0,0,peio1icd,1780227,0,0,0
2017,1780227,1780227,0,0,peage,1780227,0,0,0
2017,1780227,1780227,0,0,nwcmpwgt,1780227,0,0,0
2017,1780227,1780227,0,0,nworwgt,1780227,0,0,0
2017,1780227,1780227,0,0,pternhly,1780227,0,0,0
2017,1780227,1780227,0,0,pternwa,1780227,0,0,0
2017,1780227,1780227,0,0,perace,1780227,0,0,0
2017,1780227,1780227,0,0,prdtrace,1780227,0,0,0
2017,1780227,1780227,0,0,prorigin,1780227,0,0,0
2017,1780227,1780227,0,0,geco,1780227,0,0,0
2017,1780227,1780227,0,0,gemetsta,1780227,0,0,0
2018,1727277,1727277,0,0,hrmis,1727277,0,0,0
2018,1727277,1727277,0,0,gestfips,1727277,0,0,0
2018,1727277,1727277,0,0,gtcbsa,1727277,0,0,0
2018,1727277,1727277,0,0,gtco,1727277,0,0,0
2018,1727277,1727277,0,0,gtmetsta,1727277,0,0,0
2018,1727277,1727277,0,0,gtcbsasz,1727277,0,0,0
2018,1727277,1727277,0,0,prtage,1727277,0,0,0
2018,1727277,1727277,0,0,pesex,1727277,0,0,0
2018,1727277,1727277,0,0,peeduca,1727277,0,0,0
2018,1727277,1727277,0,0,ptdtrace,1727277,0,0,0
2018,1727277,1727277,0,0,prdthsp,1727277,0,0,0
2018,1727277,1727277,0,0,prmarsta,1727277,0,0,0
2018,1727277,1727277,0,0,prcitshp,1727277,0,0,0
2018,1727277,1727277,0,0,pemlr,1727277,0,0,0
2018,1727277,1727277,0,0,pehrusl1,1727277,0,0,0
2018,1727277,1727277,0,0,prhrusl,1727277,0,0,0
2018,1727277,1727277,0,0,peio1cow,1727277,0,0,0
2018,1727277,1727277,0,0,peernhry,1727277,0,0,0
2018,1727277,1727277,0,0,prernhly,1727277,0,0,0
2018,1727277,1727277,0,0,peernhro,1727277,0,0,0
2018,1727277,1727277,0,0,prernwa,1727277,0,0,0
2018,1727277,1727277,0,0,ptwk,1727277,0,0,0
2018,1727277,1727277,0,0,peernlab,1727277,0,0,0
2018,1727277,1727277,0,0,peerncov,1727277,0,0,0
2018,1727277,1727277,0,0,pworwgt,1727277,0,0,0
2018,1727277,1727277,0,0,pwcmpwgt,1727277,0,0,0
2018,1727277,1727277,0,0,peio1icd,1727277,0,0,0
2018,1727277,1727277,0,0,peage,1727277,0,0,0
2018,1727277,1727277,0,0,nwcmpwgt,1727277,0,0,0
2018,1727277,1727277,0,0,nworwgt,1727277,0,0,0
2018,1727277,1727277,0,0,pternhly,1727277,0,0,0
2018,1727277,1727277,0,0,pternwa,1727277,0,0,0
2018,1727277,1727277,0,0,perace,1727277,0,0,0
2018,1727277,1727277,0,0,prdtrace,1727277,0,0,0
2018,1727277,1727277,0,0,prorigin,1727277,0,0,0
2018,1727277,1727277,0,0,geco,1727277,0,0,0
2018,1727277,1727277,0,0,gemetsta,1727277,0,0,0
2019,1677426,1677426,0,0,hrmis,1677426,0,0,0
2019,1677426,1677426,0,0,gestfips,1677426,0,0,0
2019,1677426,1677426,0,0,gtcbsa,1677426,0,0,0
2019,1677426,1677426,0,0,gtco,1677426,0,0,0
2019,1677426,1677426,0,0,gtmetsta,1677426,0,0,0
2019,1677426,1677426,0,0,gtcbsasz,1677426,0,0,0
2019,1677426,1677426,0,0,prtage,1677426,0,0,0
2019,1677426,1677426,0,0,pesex,1677426,0,0,0
2019,1677426,1677426,0,0,peeduca,1677426,0,0,0
2019,1677426,1677426,0,0,ptdtrace,1677426,0,0,0
2019,1677426,1677426,0,0,prdthsp,1677426,0,0,0
2019,1677426,1677426,0,0,prmarsta,1677426,0,0,0
2019,1677426,1677426,0,0,prcitshp,1677426,0,0,0
2019,1677426,1677426,0,0,pemlr,1677426,0,0,0
2019,1677426,1677426,0,0,pehrusl1,1677426,0,0,0
2019,1677426,1677426,0,0,prhrusl,1677426,0,0,0
2019,1677426,1677426,0,0,peio1cow,1677426,0,0,0
2019,1677426,1677426,0,0,peernhry,1677426,0,0,0
2019,1677426,1677426,0,0,prernhly,1677426,0,0,0
2019,1677426,1677426,0,0,peernhro,1677426,0,0,0
2019,1677426,1677426,0,0,prernwa,1677426,0,0,0
2019,1677426,1677426,0,0,ptwk,1677426,0,0,0
2019,1677426,1677426,0,0,peernlab,1677426,0,0,0
2019,1677426,1677426,0,0,peerncov,1677426,0,0,0
2019,1677426,1677426,0,0,pworwgt,1677426,0,0,0
2019,1677426,1677426,0,0,pwcmpwgt,1677426,0,0,0
2019,1677426,1677426,0,0,peio1icd,1677426,0,0,0
2019,1677426,1677426,0,0,peage,1677426,0,0,0
2019,1677426,1677426,0,0,nwcmpwgt,1677426,0,0,0
2019,1677426,1677426,0,0,nworwgt,1677426,0,0,0
2019,1677426,1677426,0,0,pternhly,1677426,0,0,0
2019,1677426,1677426,0,0,pternwa,1677426,0,0,0
2019,1677426,1677426,0,0,perace,1677426,0,0,0
2019,1677426,1677426,0,0,prdtrace,1677426,0,0,0
2019,1677426,1677426,0,0,prorigin,1677426,0,0,0
2019,1677426,1677426,0,0,geco,1677426,0,0,0
2019,1677426,1677426,0,0,gemetsta,1677426,0,0,0
2020,1574224,1574224,0,0,hrmis,1574224,0,0,0
2020,1574224,1574224,0,0,gestfips,1574224,0,0,0
2020,1574224,1574224,0,0,gtcbsa,1574224,0,0,0
2020,1574224,1574224,0,0,gtco,1574224,0,0,0
2020,1574224,1574224,0,0,gtmetsta,1574224,0,0,0
2020,1574224,1574224,0,0,gtcbsasz,1574224,0,0,0
2020,1574224,1574224,0,0,prtage,1574224,0,0,0
2020,1574224,1574224,0,0,pesex,1574224,0,0,0
2020,1574224,1574224,0,0,peeduca,1574224,0,0,0
2020,1574224,1574224,0,0,ptdtrace,1574224,0,0,0
2020,1574224,1574224,0,0,prdthsp,1574224,0,0,0
2020,1574224,1574224,0,0,prmarsta,1574224,0,0,0
2020,1574224,1574224,0,0,prcitshp,1574224,0,0,0
2020,1574224,1574224,0,0,pemlr,1574224,0,0,0
2020,1574224,1574224,0,0,pehrusl1,1574224,0,0,0
2020,1574224,1574224,0,0,prhrusl,1574224,0,0,0
2020,1574224,1574224,0,0,peio1cow,1574224,0,0,0
2020,1574224,1574224,0,0,peernhry,1574224,0,0,0
2020,1574224,1574224,0,0,prernhly,1574224,0,0,0
2020,1574224,1574224,0,0,peernhro,1574224,0,0,0
2020,1574224,1574224,0,0,prernwa,1574224,0,0,0
2020,1574224,1574224,0,0,ptwk,1574224,0,0,0
2020,1574224,1574224,0,0,peernlab,1574224,0,0,0
2020,1574224,1574224,0,0,peerncov,1574224,0,0,0
2020,1574224,1574224,0,0,pworwgt,1574224,0,0,0
2020,1574224,1574224,0,0,pwcmpwgt,1574224,0,0,0
2020,1574224,1574224,0,0,peio1icd,1574224,0,0,0
2020,1574224,1574224,0,0,peage,1574224,0,0,0
2020,1574224,1574224,0,0,nwcmpwgt,1574224,0,0,0
2020,1574224,1574224,0,0,nworwgt,1574224,0,0,0
2020,1574224,1574224,0,0,pternhly,1574224,0,0,0
2020,1574224,1574224,0,0,pternwa,1574224,0,0,0
2020,1574224,1574224,0,0,perace,1574224,0,0,0
2020,1574224,1574224,0,0,prdtrace,1574224,0,0,0
2020,1574224,1574224,0,0,prorigin,1574224,0,0,0
2020,1574224,1574224,0,0,geco,1574224,0,0,0
2020,1574224,1574224,0,0,gemetsta,1574224,0,0,0
2021,1562728,1562728,0,0,hrmis,1562728,0,0,0
2021,1562728,1562728,0,0,gestfips,1562728,0,0,0
2021,1562728,1562728,0,0,gtcbsa,1562728,0,0,0
2021,1562728,1562728,0,0,gtco,1562728,0,0,0
2021,1562728,1562728,0,0,gtmetsta,1562728,0,0,0
2021,1562728,1562728,0,0,gtcbsasz,1562728,0,0,0
2021,1562728,1562728,0,0,prtage,1562728,0,0,0
2021,1562728,1562728,0,0,pesex,1562728,0,0,0
2021,1562728,1562728,0,0,peeduca,1562728,0,0,0
2021,1562728,1562728,0,0,ptdtrace,1562728,0,0,0
2021,1562728,1562728,0,0,prdthsp,1562728,0,0,0
2021,1562728,1562728,0,0,prmarsta,1562728,0,0,0
2021,1562728,1562728,0,0,prcitshp,1562728,0,0,0
2021,1562728,1562728,0,0,pemlr,1562728,0,0,0
2021,1562728,1562728,0,0,pehrusl1,1562728,0,0,0
2021,1562728,1562728,0,0,prhrusl,1562728,0,0,0
2021,1562728,1562728,0,0,peio1cow,1562728,0,0,0
2021,1562728,1562728,0,0,peernhry,1562728,0,0,0
2021,1562728,1562728,0,0,prernhly,1562728,0,0,0
2021,1562728,1562728,0,0,peernhro,1562728,0,0,0
2021,1562728,1562728,0,0,prernwa,1562728,0,0,0
2021,1562728,1562728,0,0,ptwk,1562728,0,0,0
2021,1562728,1562728,0,0,peernlab,1562728,0,0,0
2021,1562728,1562728,0,0,peerncov,1562728,0,0,0
2021,1562728,1562728,0,0,pworwgt,1562728,0,0,0
2021,1562728,1562728,0,0,pwcmpwgt,1562728,0,0,0
2021,1562728,1562728,0,0,peio1icd,1562728,0,0,0
2021,1562728,1562728,0,0,pternhly,1562728,0,0,0
2021,1562728,1562728,0,0,pternwa,1562728,0,0,0
2021,1562728,1562728,0,0,peage,1562728,0,0,0
2021,1562728,1562728,0,0,nwcmpwgt,1562728,0,0,0
2021,1562728,1562728,0,0,nworwgt,1562728,0,0,0
2021,1562728,1562728,0,0,perace,1562728,0,0,0
2021,1562728,1562728,0,0,prdtrace,1562728,0,0,0
2021,1562728,1562728,0,0,prorigin,1562728,0,0,0
2021,1562728,1562728,0,0,geco,1562728,0,0,0
2021,1562728,1562728,0,0,gemetsta,1562728,0,0,0
2022,1530375,1530375,0,0,hrmis,1530375,0,0,0
2022,1530375,1530375,0,0,gestfips,1530375,0,0,0
2022,1530375,1530375,0,0,gtcbsa,1530375,0,0,0
2022,1530375,1530375,0,0,gtco,1530375,0,0,0
2022,1530375,1530375,0,0,gtmetsta,1530375,0,0,0
2022,1530375,1530375,0,0,gtcbsasz,1530375,0,0,0
2022,1530375,1530375,0,0,prtage,1530375,0,0,0
2022,1530375,1530375,0,0,pesex,1530375,0,0,0
2022,1530375,1530375,0,0,peeduca,1530375,0,0,0
2022,1530375,1530375,0,0,ptdtrace,1530375,0,0,0
2022,1530375,1530375,0,0,prdthsp,1530375,0,0,0
2022,1530375,1530375,0,0,prmarsta,1530375,0,0,0
2022,1530375,1530375,0,0,prcitshp,1530375,0,0,0
2022,1530375,1530375,0,0,pemlr,1530375,0,0,0
2022,1530375,1530375,0,0,pehrusl1,1530375,0,0,0
2022,1530375,1530375,0,0,prhrusl,1530375,0,0,0
2022,1530375,1530375,0,0,peio1cow,1530375,0,0,0
2022,1530375,1530375,0,0,peernhry,1530375,0,0,0
2022,1530375,1530375,0,0,pternhly,1530375,0,0,0
2022,1530375,1530375,0,0,peernhro,1530375,0,0,0
2022,1530375,1530375,0,0,pternwa,1530375,0,0,0
2022,1530375,1530375,0,0,ptwk,1530375,0,0,0
2022,1530375,1530375,0,0,peernlab,1530375,0,0,0
2022,1530375,1530375,0,0,peerncov,1530375,0,0,0
2022,1530375,1530375,0,0,pworwgt,1530375,0,0,0
2022,1530375,1530375,0,0,pwcmpwgt,1530375,0,0,0
2022,1530375,1530375,0,0,peio1icd,1530375,0,0,0
2022,1530375,1530375,0,0,peage,1530375,0,0,0
2022,1530375,1530375,0,0,nwcmpwgt,1530375,0,0,0
2022,1530375,1530375,0,0,nworwgt,1530375,0,0,0
2022,1530375,1530375,0,0,prernhly,1530375,0,0,0
2022,1530375,1530375,0,0,prernwa,1530375,0,0,0
2022,1530375,1530375,0,0,perace,1530375,0,0,0
2022,1530375,1530375,0,0,prdtrace,1530375,0,0,0
2022,1530375,1530375,0,0,prorigin,1530375,0,0,0
2022,1530375,1530375,0,0,geco,1530375,0,0,0
2022,1530375,1530375,0,0,gemetsta,1530375,0,0,0
2023,1520770,1520770,0,0,hrmis,1520770,0,0,0
2023,1520770,1520770,0,0,gestfips,1520770,0,0,0
2023,1520770,1520770,0,0,gtcbsa,1520770,0,0,0
2023,1520770,1520770,0,0,gtco,1520770,0,0,0
2023,1520770,1520770,0,0,gtmetsta,1520770,0,0,0
2023,1520770,1520770,0,0,gtcbsasz,1520770,0,0,0
2023,1520770,1520770,0,0,prtage,1520770,0,0,0
2023,1520770,1520770,0,0,pesex,1520770,0,0,0
2023,1520770,1520770,0,0,peeduca,1520770,0,0,0
2023,1520770,1520770,0,0,ptdtrace,1520770,0,0,0
2023,1520770,1520770,0,0,prdthsp,1520770,0,0,0
2023,1520770,1520770,0,0,prmarsta,1520770,0,0,0
2023,1520770,1520770,0,0,prcitshp,1520770,0,0,0
2023,1520770,1520770,0,0,pemlr,1520770,0,0,0
2023,1520770,1520770,0,0,pehrusl1,1520770,0,0,0
2023,1520770,1520770,0,0,prhrusl,1520770,0,0,0
2023,1520770,1520770,0,0,peio1cow,1520770,0,0,0
2023,1520770,1520770,0,0,peernhry,1520770,0,0,0
2023,1520770,1520770,0,0,pternhly,1520770,0,0,0
2023,1520770,1520770,0,0,peernhro,1520770,0,0,0
2023,1520770,1520770,0,0,pternwa,1520770,0,0,0
2023,1520770,1520770,0,0,ptwk,1520770,0,0,0
2023,1520770,1520770,0,0,peernlab,1520770,0,0,0
2023,1520770,1520770,0,0,peerncov,1520770,0,0,0
2023,1520770,1520770,0,0,pworwgt,1520770,0,0,0
2023,1520770,1520770,0,0,pwcmpwgt,1520770,0,0,0
2023,1520770,1520770,0,0,peio1icd,1520770,0,0,0
2023,1520770,1520770,0,0,peage,1520770,0,0,0
2023,1520770,1520770,0,0,nwcmpwgt,1520770,0,0,0
2023,1520770,1520770,0,0,nworwgt,1520770,0,0,0
2023,1520770,1520770,0,0,prernhly,1520770,0,0,0
2023,1520770,1520770,0,0,prernwa,1520770,0,0,0
2023,1520770,1520770,0,0,perace,1520770,0,0,0
2023,1520770,1520770,0,0,prdtrace,1520770,0,0,0
2023,1520770,1520770,0,0,prorigin,1520770,0,0,0
2023,1520770,1520770,0,0,geco,1520770,0,0,0
2023,1520770,1520770,0,0,gemetsta,1520770,0,0,0
2024,1517669,1517669,0,0,hrmis,1517669,0,0,0
2024,1517669,1517669,0,0,gestfips,1517669,0,0,0
2024,1517669,1517669,0,0,gtcbsa,1517669,0,0,0
2024,1517669,1517669,0,0,gtco,1517669,0,0,0
2024,1517669,1517669,0,0,gtmetsta,1517669,0,0,0
2024,1517669,1517669,0,0,gtcbsasz,1517669,0,0,0
2024,1517669,1517669,0,0,prtage,1517669,0,0,0
2024,1517669,1517669,0,0,pesex,1517669,0,0,0
2024,1517669,1517669,0,0,peeduca,1517669,0,0,0
2024,1517669,1517669,0,0,ptdtrace,1517669,0,0,0
2024,1517669,1517669,0,0,prdthsp,1517669,0,0,0
2024,1517669,1517669,0,0,prmarsta,1517669,0,0,0
2024,1517669,1517669,0,0,prcitshp,1517669,0,0,0
2024,1517669,1517669,0,0,pemlr,1517669,0,0,0
2024,1517669,1517669,0,0,pehrusl1,1517669,0,0,0
2024,1517669,1517669,0,0,prhrusl,1517669,0,0,0
2024,1517669,1517669,0,0,peio1cow,1517669,0,0,0
2024,1517669,1517669,0,0,peernhry,1517669,0,0,0
2024,1517669,1517669,0,0,pternhly,1517669,0,0,0
2024,1517669,1517669,0,0,peernhro,1517669,0,0,0
2024,1517669,1517669,0,0,pternwa,1517669,0,0,0
2024,1517669,1517669,0,0,ptwk,1517669,0,0,0
2024,1517669,1517669,0,0,peernlab,1517669,0,0,0
2024,1517669,1517669,0,0,peerncov,1517669,0,0,0
2024,1517669,1517669,0,0,pworwgt,1517669,0,0,0
2024,1517669,1517669,0,0,pwcmpwgt,1517669,0,0,0
2024,1517669,1517669,0,0,peio1icd,1517669,0,0,0
2024,1517669,1517669,0,0,peage,1517669,0,0,0
2024,1517669,1517669,0,0,nwcmpwgt,1517669,0,0,0
2024,1517669,1517669,0,0,nworwgt,1517669,0,0,0
2024,1517669,1517669,0,0,prernhly,1517669,0,0,0
2024,1517669,1517669,0,0,prernwa,1517669,0,0,0
2024,1517669,1517669,0,0,perace,1517669,0,0,0
2024,1517669,1517669,0,0,prdtrace,1517669,0,0,0
2024,1517669,1517669,0,0,prorigin,1517669,0,0,0
2024,1517669,1517669,0,0,geco,1517669,0,0,0
2024,1517669,1517669,0,0,gemetsta,1517669,0,0,0
